{"cameraMode":{"drawMode":0,"name":"Shaded","section":"Shading Mode"},"sceneLighting":true,"audioPlay":false,"sceneViewState":{"m_AlwaysRefresh":false,"showFog":true,"showSkybox":true,"showFlares":true,"showImageEffects":true,"showParticleSystems":true,"showVisualEffectGraphs":true,"m_FxEnabled":true},"in2DMode":false,"pivot":{"x":-118.13377380371094,"y":59.88105773925781,"z":40.17631530761719},"rotation":{"x":-0.4311772882938385,"y":0.008658366277813912,"z":-0.004146307706832886,"w":-0.9022403955459595},"size":146.98251342773438,"orthographic":false}