{"cameraMode":{"drawMode":0,"name":"Shaded","section":"Shading Mode"},"sceneLighting":true,"audioPlay":false,"sceneViewState":{"m_AlwaysRefresh":false,"showFog":true,"showSkybox":true,"showFlares":true,"showImageEffects":true,"showParticleSystems":true,"showVisualEffectGraphs":true,"m_FxEnabled":true},"in2DMode":false,"pivot":{"x":0.8005132675170898,"y":-0.8434000015258789,"z":-0.6137467622756958},"rotation":{"x":-0.22353222966194154,"y":0.7237030863761902,"z":-0.27265459299087527,"w":-0.5932875275611877},"size":7.5619964599609379,"orthographic":false}